{
  "merkleRoot": "d47e9dbfbd2a3e3181e085c0c1ed06500603f953f9bfc3bdd24338f0be5650a1",
  "signature": "1720d8c5f540a458ca052dbae98768344cd5ea1b86293041ea1cdf27df227735cb36137729868f0bb2a68e8a7471e3b338a442e7a78f61c845930c191ac4110d81ff8bd2fc943f2bcb73194e44a7c2eb76338d21ade4a8d0bee36c9546052c2335dab371bca9fbde8eef7b6439e887cd97e0b0e252ab4e230277b78465ae70f0dfffd61a8a1ded3ebaa43dfb5b9d9a8ee45cc8dbc119b6c4529ddabad7ebe870aa026d43762e8f9ee0b373a9a6d87dd0c0197b15f658404187d6558fc6382658d247fcbe115c4bdbc00fcd619fe8932c9804572e6bb9c5b4e54f600f08f7bd620570211820278c2730c1f11ee5bc796ddd9c4194011ac840b99f23e1cb83dfce",
  "canonical": "[{\"input\":{},\"name\":\"fetch-joke\",\"output\":\"Chuck Norris eats chili peppers to cool down his mouth\",\"outputHash\":\"3cddecb3445c977733f9439e21edb945bf30ec4ec99cc9d0562018e65372c0e2\",\"ts\":89464780832077},{\"input\":\"Chuck Norris eats chili peppers to cool down his mouth\",\"name\":\"embed\",\"output\":[0.26171875,0.40625,0.45703125,0.38671875,0.41796875,0.125,0.3046875,0.43359375,0.4453125,0.4453125,0.41015625,0.44921875,0.125,0.39453125,0.37890625,0.453125,0.44921875,0.125,0.38671875,0.40625,0.41015625,0.421875,0.41015625,0.125,0.4375,0.39453125,0.4375,0.4375,0.39453125,0.4453125,0.44921875,0.125,0.453125,0.43359375,0.125,0.38671875,0.43359375,0.43359375,0.421875,0.125,0.390625,0.43359375,0.46484375,0.4296875,0.125,0.40625,0.41015625,0.44921875,0.125,0.42578125,0.43359375,0.45703125,0.453125,0.40625],\"outputHash\":\"06c37d0060c88f73776460f7078a2e1024d354aa34682189bb768f6c9ee18b97\",\"ts\":89464780832077},{\"input\":[0.26171875,0.40625,0.45703125,0.38671875,0.41796875,0.125,0.3046875,0.43359375,0.4453125,0.4453125,0.41015625,0.44921875,0.125,0.39453125,0.37890625,0.453125,0.44921875,0.125,0.38671875,0.40625,0.41015625,0.421875,0.41015625,0.125,0.4375,0.39453125,0.4375,0.4375,0.39453125,0.4453125,0.44921875,0.125,0.453125,0.43359375,0.125,0.38671875,0.43359375,0.43359375,0.421875,0.125,0.390625,0.43359375,0.46484375,0.4296875,0.125,0.40625,0.41015625,0.44921875,0.125,0.42578125,0.43359375,0.45703125,0.453125,0.40625],\"name\":\"rank\",\"output\":19.97265625,\"outputHash\":\"373cd8d67a4e5ebc2dcdc76d3638b53444a7acb2316072219768fbe9d4402447\",\"ts\":89464780832077}]"
}